Year,Team Name,TotalAttendance,HomeTotal,AwayTotal,Week 1,Week 2,Week 3,Week 4,Week 5,Week 6,Week 7,Week 8,Week 9,Week 10,Week 11,Week 12,Week 13,Week 14,Week 15,Week 16,Week 17
2010,Arizona Cardinals,"1,022,730","502,197","520,533","52,440","66,824","62,439","62,189","62,621",Bye,"67,132","61,857","64,120","61,904","66,247","62,308","61,874","62,223","71,849","66,971","69,732"
2010,Atlanta Falcons,"1,056,190","542,800","513,390","63,609","66,824","70,051","66,874","65,290","69,144","67,665",Bye,"67,266","68,474","53,005","68,204","53,955","71,235","67,101","70,144","67,349"
2010,Baltimore Ravens,"1,123,436","569,817","553,619","78,127","64,071","71,119","64,729","71,246","68,756","71,220",Bye,"71,305","68,474","73,021","70,989","71,418","71,413","71,432","65,028","71,088"
2010,Buffalo Bills,"1,034,650","493,112","541,538","69,295","70,741","68,756","69,262","58,304",Bye,"71,220","66,625","50,746","56,721","55,654","69,642","64,012","50,861","65,511","68,281","79,019"
2010,Carolina Panthers,"1,084,908","580,965","503,943","77,245","72,577","72,887","70,016","73,464",Bye,"72,741","52,281","73,191","44,264","73,021","64,463","66,577","71,235","71,849","61,748","67,349"
2010,Chicago Bears,"1,022,863","497,561","525,302","62,080","85,168","62,179","77,716","73,464","62,137","62,155",Bye,"50,746","62,206","68,752","62,147","58,119","62,347","40,504","62,310","70,833"
2010,Cincinnati Bengals,"1,033,852","482,917","550,935","68,756","64,071","72,887","66,731","63,888",Bye,"67,665","63,179","65,626","67,404","55,654","78,903","59,963","57,501","56,342","54,194","71,088"
2010,Cleveland Browns,"1,017,907","528,933","488,974","47,211","65,377","71,119","66,731","65,290","65,168","70,077",Bye,"66,292","67,449","62,254","64,463","65,942","50,861","56,342","65,028","68,303"
2010,Dallas Cowboys,"1,277,973","696,377","581,596","90,670","85,168","71,456",Bye,"90,616","64,120","91,375","81,395","70,913","80,851","81,261","93,985","67,471","85,673","86,904","66,971","69,144"
2010,Denver Broncos,"1,129,448","599,264","530,184","63,636","75,130","76,401","69,143","71,246","75,982","75,835","83,941",Bye,"75,334","68,482","72,736","67,267","62,223","44,246","73,691","74,155"
2010,Detroit Lions,"977,218","450,286","526,932","62,080","56,688","63,377","70,729","55,714","78,341",Bye,"46,329","57,799","56,721","81,261","60,965","58,119","57,659","47,692","66,731","57,013"
2010,Green Bay Packers,"1,122,668","566,362","556,306","69,144","70,741","62,179","70,729","87,760","70,815","71,107","78,484","70,913",Bye,"64,120","68,204","70,575","57,659","68,756","70,649","70,833"
2010,Houston Texans,"1,108,625","568,643","539,982","70,974","88,240","71,456","32,218","71,110","70,926",Bye,"66,363","70,886","62,340","78,843","70,855","69,144","71,413","69,143","73,691","71,023"
2010,Indianapolis Colts,"1,093,781","535,802","557,979","70,974","67,275","76,401","63,111","66,869","87,883",Bye,"66,363","69,144","67,404","68,756","66,085","67,471","69,143","67,147","52,567","67,188"
2010,Jacksonville Jaguars,"1,061,603","504,262","557,341","63,636","62,691","63,256","63,111","58,304","63,625","69,105","81,395",Bye,"62,340","62,254","78,533","69,143","62,570","67,147","63,470","71,023"
2010,Kansas City Chiefs,"1,069,780","541,380","528,400","71,297","65,377","68,188",Bye,"66,869","70,926","69,105","66,625","61,075","75,334","66,247","66,370","67,267","66,780","55,669","65,606","67,045"
2010,Miami Dolphins,"1,077,049","541,959","535,090","69,295","63,846","70,481","69,090",Bye,"70,815","69,867","63,179","71,305","65,585","68,752","48,946","65,942","78,948","65,511","66,731","68,756"
2010,Minnesota Vikings,"1,029,797","470,009","559,788","70,051","63,846","63,377",Bye,"77,909","64,120","71,107","68,756","64,120","62,206","64,120","83,602","64,012","45,910","40,504","69,144","57,013"
2010,New England Patriots,"1,088,753","550,048","538,705","68,756","78,535","68,756","69,090",Bye,"68,756","68,836","68,756","66,292","64,359","68,756","60,965","68,756","62,347","68,756","68,281","68,756"
2010,New Orleans Saints,"1,113,131","560,304","552,827","70,051","69,732","70,051","70,016","62,621","51,759","70,077","70,011","73,191",Bye,"70,015","93,985","59,963","70,015","71,432","70,144","70,068"
2010,New York Giants,"1,190,095","631,156","558,939","77,245","67,275","78,386","77,716","71,110","78,341","91,375",Bye,"67,287","80,851","69,144","78,533","78,861","45,910","81,223","70,649","76,189"
2010,New York Jets,"1,163,375","628,768","534,607","78,127","78,535","70,481","69,262","77,909","75,982",Bye,"78,484","57,799","67,449","78,843","78,903","68,756","78,948","62,568","62,310","79,019"
2010,Oakland Raiders,"911,382","371,448","539,934","69,143","48,396","62,439","32,218","48,279","69,732","75,835","35,721","61,075",Bye,"64,987","48,946","68,183","62,570","44,246","52,567","67,045"
2010,Philadelphia Eagles,"1,125,926","553,152","572,774","69,144","56,688","63,256","69,144","69,732","69,144","69,143",Bye,"69,144","84,912","69,144","62,147","69,144","85,673","81,223","69,144","69,144"
2010,Pittsburgh Steelers,"1,049,715","504,669","545,046","63,609","69,143","61,036","64,729",Bye,"65,168","69,867","70,011","65,626","64,359","64,987","69,642","71,418","57,501","62,568","61,748","68,303"
2010,San Diego Chargers,"1,028,715","524,241","504,474","71,297","62,691","67,106","62,189","48,279","52,472","68,836","59,260","70,886",Bye,"68,482","66,085","68,183","66,780","67,820","54,194","74,155"
2010,San Francisco 49ers,"1,100,435","572,065","528,370","67,044","69,732","68,188","66,874","69,732","69,732","72,741","83,941",Bye,"69,732","69,732","62,308","70,575","69,732","67,820","52,820","69,732"
2010,Seattle Seahawks,"1,009,483","535,942","473,541","67,044","75,130","67,106","52,326",Bye,"62,137","67,132","35,721","67,287","61,904","70,015","66,370","66,577","69,732","67,101","46,576","67,325"
2010,St. Louis Rams,"911,195","423,383","487,812","52,440","48,396","52,370","52,326","55,714","52,472","42,020","52,281",Bye,"69,732","53,005","72,736","61,874","70,015","55,669","52,820","67,325"
2010,Tampa Bay Buccaneers,"937,014","394,513","542,501","47,211","72,577","61,036",Bye,"63,888","51,759","42,020","61,857","67,266","44,264","69,732","70,989","53,955","66,124","47,692","46,576","70,068"
2010,Tennessee Titans,"1,114,265","553,144","561,121","69,143","69,143","78,386","69,143","90,616","63,625","69,143","59,260",Bye,"65,585","69,143","70,855","69,143","69,143","69,143","65,606","67,188"
2010,Washington Redskins,"1,193,756","665,380","528,376","90,670","88,240","52,370","69,144","87,760","87,883","62,155","46,329",Bye,"84,912","69,143","83,602","78,861","66,124","86,904","63,470","76,189"
2011,Arizona Cardinals,"1,001,663","489,455","512,208","60,627","76,330","66,199","60,496","62,479",Bye,"62,475","71,022","60,628","69,144","69,732","56,029","62,180","60,808","60,443","41,273","61,798"
2011,Atlanta Falcons,"1,073,420","551,892","521,528","62,115","69,608","46,995","66,266","69,576","69,047","63,625",Bye,"65,218","70,359","68,164","68,115","71,545","72,680","68,856","73,084","68,167"
2011,Baltimore Ravens,"1,083,902","569,792","514,110","71,434","69,143","56,289","71,247",Bye,"71,154","62,976","71,022","64,851","66,522","71,320","71,345","63,648","71,187","67,242","71,083","63,439"
2011,Buffalo Bills,"1,032,609","490,443","542,166","68,755","68,191","68,174","41,142","69,803","79,243",Bye,"51,579","70,133","85,157","57,531","79,088","56,463","62,494","60,988","45,112","68,756"
2011,Carolina Panthers,"1,098,587","578,342","520,245","60,627","73,167","71,704","62,135","72,679","69,047","73,245","72,095",Bye,"72,409","63,633","63,928","56,270","72,680","71,540","70,363","73,065"
2011,Chicago Bears,"1,053,343","497,166","556,177","62,115","73,019","62,339","62,135","67,861","62,322","76,981",Bye,"69,144","62,396","62,344","59,244","61,973","76,487","61,542","70,574","62,867"
2011,Cincinnati Bengals,"923,005","394,009","528,996","67,321","73,281","43,363","41,142","61,799","52,068",Bye,"66,004","69,143","63,262","71,320","48,260","63,697","41,202","56,431","41,273","63,439"
2011,Cleveland Browns,"1,030,992","526,874","504,118","67,321","65,035","66,651","66,240",Bye,"57,300","66,350","69,732","71,511","64,900","63,498","48,260","63,648","60,754","60,443","71,083","68,266"
2011,Dallas Cowboys,"1,258,971","684,096","574,875","78,702","69,732","91,017","78,122",Bye,"68,756","80,086","69,144","81,510","85,157","80,122","87,418","62,180","95,952","65,162","84,834","81,077"
2011,Denver Broncos,"1,109,610","602,618","506,992","75,671","73,281","69,143","70,529","74,895",Bye,"63,800","74,977","58,125","72,908","74,746","64,436","62,939","76,487","76,556","45,112","76,005"
2011,Detroit Lions,"1,041,580","509,940","531,640","51,274","60,040","62,466","78,122","67,861","62,061","63,625","74,977",Bye,"62,396","63,633","66,263","73,042","63,988","59,069","62,469","70,294"
2011,Green Bay Packers,"1,123,023","564,097","558,926","70,555","73,167","62,339","70,529","69,576","70,604","63,946",Bye,"68,908","70,519","70,498","66,263","80,634","70,524","74,093","70,574","70,294"
2011,Houston Texans,"1,059,702","571,969","487,733","71,444","51,032","73,002","71,585","71,420","71,154","69,143","71,412","71,511","56,037",Bye,"62,004","71,545","41,202","71,540","64,159","71,512"
2011,Indianapolis Colts,"1,050,690","518,627","532,063","71,444","65,035","66,309","63,972","65,088","52,068","73,012","69,143","65,218","64,619",Bye,"63,928","68,756","71,187","64,271","64,159","62,481"
2011,Jacksonville Jaguars,"1,049,655","498,655","551,000","61,619","78,834","71,704","62,471","61,799","62,934","62,976","71,412",Bye,"64,619","63,498","62,004","62,743","62,562","68,856","69,143","62,481"
2011,Kansas City Chiefs,"1,107,206","576,659","530,547","68,755","60,040","62,236","72,931","65,088",Bye,"57,361","72,733","72,263","72,908","68,756","72,173","61,973","79,088","74,093","70,803","76,005"
2011,Miami Dolphins,"1,064,381","487,089","577,292","66,860","51,032","66,651","63,002",Bye,"78,912","63,800","79,302","72,263","57,007","57,531","87,418","57,225","67,823","60,988","68,756","65,811"
2011,Minnesota Vikings,"1,047,585","502,529","545,056","66,716","62,461","62,466","72,931","62,479","62,322","63,946","72,095",Bye,"70,519","62,748","68,115","62,939","63,988","62,623","68,370","62,867"
2011,New England Patriots,"1,114,691","550,048","564,643","66,860","68,756","68,174","62,572","68,756","68,756",Bye,"64,424","68,756","79,088","68,756","69,144","68,756","77,825","76,556","68,756","68,756"
2011,New Orleans Saints,"1,105,934","584,335","521,599","70,555","73,019","73,002","62,471","72,679","56,590","73,012","57,179","73,043","70,359",Bye,"73,068","73,042","69,143","62,623","73,084","73,065"
2011,New York Giants,"1,232,157","635,800","596,357","80,121","78,290","69,144","60,496","78,650","79,243",Bye,"79,302","68,756","69,732","79,743","73,068","80,634","95,952","78,861","79,088","81,077"
2011,New York Jets,"1,187,392","631,888","555,504","78,702","78,834","61,546","71,247","68,756","78,912","79,088",Bye,"70,133","79,088","74,746","79,088","74,121","79,088","69,144","79,088","65,811"
2011,Oakland Raiders,"1,018,629","473,938","544,691","75,671","68,191","61,546","62,572","71,420","57,300","57,361",Bye,"58,125","68,109","62,748","59,244","57,225","70,524","59,069","70,803","58,721"
2011,Philadelphia Eagles,"1,129,171","553,152","576,019","56,722","69,608","69,144","69,144","69,803","80,447",Bye,"69,144","69,144","69,144","79,743","69,144","67,039","67,823","69,144","84,834","69,144"
2011,Pittsburgh Steelers,"1,049,515","504,279","545,236","71,434","63,663","66,309","71,585","63,875","62,934","62,475","64,424","64,851","63,262",Bye,"72,173","63,697","60,754","69,732","60,081","68,266"
2011,San Diego Chargers,"1,064,892","523,143","541,749","66,716","68,756","62,236","63,002","74,895",Bye,"79,088","72,733","68,908","68,109","62,344","64,436","62,743","62,494","67,242","62,469","58,721"
2011,San Francisco 49ers,"1,065,296","557,856","507,440","69,732","69,732","43,363","69,144","69,732","62,061",Bye,"69,732","78,032","69,732","69,732","71,345","69,732","60,808","69,732","66,697","55,990"
2011,Seattle Seahawks,"1,070,956","531,311","539,645","69,732","63,663","66,199","66,266","78,650",Bye,"66,350","66,004","81,510","66,522","56,400","66,007","67,039","66,577","61,542","66,697","61,798"
2011,St. Louis Rams,"1,002,051","451,153","550,898","56,722","78,290","56,289","56,113",Bye,"70,604","80,086","57,179","60,628","64,900","56,400","56,029","69,732","66,577","56,431","60,081","55,990"
2011,Tampa Bay Buccaneers,"1,019,250","473,281","545,969","51,274","62,461","46,995","63,972","69,732","56,590","76,981",Bye,"73,043","56,037","70,498","69,143","56,270","62,562","65,162","70,363","68,167"
2011,Tennessee Titans,"1,077,697","553,144","524,553","61,619","69,143","69,143","66,240","63,875",Bye,"69,143","69,143","69,143","72,409","68,164","69,143","56,463","69,143","64,271","69,143","71,512"
2011,Washington Redskins,"1,158,341","615,368","542,973","80,121","76,330","91,017","56,113",Bye,"80,447","73,245","51,579","78,032","57,007","80,122","66,007","74,121","77,825","78,861","68,370","69,144"
2012,Arizona Cardinals,"1,028,241","487,125","541,116","60,032","68,756","60,436","60,183","54,653","60,385","61,068","62,810","70,504",Bye,"69,630","60,062","79,088","67,685","60,483","62,734","69,732"
2012,Atlanta Falcons,"1,102,398","560,773","541,625","71,180","70,427","61,297","69,594","75,337","69,383",Bye,"69,144","70,840","73,126","69,630","54,400","70,514","73,292","70,741","63,849","69,644"
2012,Baltimore Ravens,"1,109,404","570,229","539,175","71,064","69,144","71,269","70,944","68,803","71,384","71,708",Bye,"65,449","71,339","63,446","57,882","71,442","81,178","71,317","71,470","61,565"
2012,Buffalo Bills,"1,033,263","495,423","537,840","79,088","69,402","69,353","70,684","69,732","60,385","68,836",Bye,"71,698","68,756","69,118","64,366","53,971","68,109","40,770","54,462","54,533"
2012,Carolina Panthers,"1,108,455","586,347","522,108","51,533","72,879","73,951","69,594","72,676",Bye,"73,981","62,254","79,767","73,939","72,603","69,144","62,860","73,292","53,832","73,026","73,124"
2012,Chicago Bears,"1,056,462","498,633","557,829","62,341","70,543","62,224","90,080","67,012",Bye,"62,300","62,254","69,143","62,410","69,732","62,306","62,264","64,134","62,534","62,734","64,451"
2012,Cincinnati Bengals,"1,021,414","489,504","531,910","71,064","63,036","80,060","63,030","61,162","67,060","63,411",Bye,"63,623","56,614","63,336","56,503","54,980","63,590","69,144","63,236","61,565"
2012,Cleveland Browns,"1,065,268","533,058","532,210","68,693","63,036","69,353","70,944","79,911","67,060","64,560","65,337","65,449",Bye,"81,936","69,661","43,641","62,422","65,083","76,351","51,831"
2012,Dallas Cowboys,"1,290,328","708,249","582,079","82,287","68,008","81,984","90,080",Bye,"71,384","73,981","94,067","70,840","69,144","81,936","90,166","81,851","63,590","95,595","92,570","82,845"
2012,Denver Broncos,"1,157,779","613,062","544,717","76,823","70,427","76,566","76,787","68,756","68,604",Bye,"76,832","63,623","73,939","76,769","74,244","76,432","53,807","71,317","76,351","76,502"
2012,Detroit Lions,"1,038,451","510,158","528,293","62,315","69,732","69,143","63,616",Bye,"69,144","62,300","63,497","63,050","64,059","63,716","64,827","63,887","70,382","60,483","63,849","64,451"
2012,Green Bay Packers,"1,106,110","564,062","542,048","70,523","70,543","68,218","70,571","67,020","71,702","64,359","70,464","70,504",Bye,"63,716","80,365","70,567","70,382","62,534","70,508","64,134"
2012,Houston Texans,"1,123,975","573,321","550,654","71,566","62,907","76,566","71,581","79,088","71,702","71,708",Bye,"71,698","62,410","71,676","64,827","69,143","68,756","71,702","71,688","66,957"
2012,Indianapolis Colts,"1,062,645","521,518","541,127","62,341","63,912","63,536",Bye,"67,020","79,088","64,560","69,143","66,479","63,272","68,756","64,366","63,887","64,688","71,702","62,938","66,957"
2012,Jacksonville Jaguars,"1,010,570","519,872","490,698","56,607","62,907","63,536","63,030","67,012",Bye,"51,634","70,464","63,050","63,272","71,676","63,323","53,971","67,027","53,667","70,251","69,143"
2012,Kansas City Chiefs,"1,040,043","548,070","491,973","71,180","69,402","72,226","69,979","68,803","46,500",Bye,"74,730","55,831","57,644","63,336","74,244","62,860","62,422","51,446","62,938","76,502"
2012,Miami Dolphins,"1,005,117","459,033","546,084","71,566","54,245","60,102","60,183","61,162","52,983",Bye,"79,088","66,479","60,165","69,118","51,295","72,114","69,732","53,667","54,462","68,756"
2012,Minnesota Vikings,"1,019,702","485,802","533,900","56,607","63,912","57,288","63,616","57,652","78,476","61,068","60,860","67,584","64,059",Bye,"62,306","70,567","64,134","55,751","71,688","64,134"
2012,New England Patriots,"1,134,734","550,044","584,690","69,143","68,756","71,269","70,684","68,756","68,137","68,752","84,004",Bye,"68,756","68,756","79,088","72,114","68,756","68,756","70,251","68,756"
2012,New Orleans Saints,"1,163,696","583,107","580,589","72,180","72,879","72,226","70,571","73,109",Bye,"58,906","76,832","73,099","73,126","56,880","73,147","70,514","81,437","73,096","92,570","73,124"
2012,New York Giants,"1,229,929","643,964","585,965","82,287","76,964","73,951","69,144","79,911","69,732","81,352","94,067","80,991","56,614",Bye,"80,365","80,246","81,437","70,741","71,470","80,657"
2012,New York Jets,"1,142,324","632,704","509,620","79,088","64,511","60,102","79,088","79,088","79,088","68,752","79,088",Bye,"67,841","57,711","79,088","79,088","67,027","69,143","79,088","54,533"
2012,Oakland Raiders,"976,231","433,732","542,499","61,896","54,245","62,373","76,787",Bye,"69,383","51,634","74,730","52,055","71,339","56,880","56,503","43,641","53,807","51,446","73,026","66,486"
2012,Philadelphia Eagles,"1,126,893","553,152","573,741","68,693","69,144","60,436","69,144","64,737","69,144",Bye,"69,144","73,099","69,144","79,327","69,144","81,851","64,941","69,144","69,144","80,657"
2012,Pittsburgh Steelers,"1,078,574","489,135","589,439","76,823","64,511","62,373",Bye,"64,737","69,143","63,411","62,371","80,991","57,644","63,446","69,661","71,442","61,359","95,595","63,236","51,831"
2012,San Diego Chargers,"1,022,066","479,716","542,350","61,896","60,804","61,297","69,979","73,109","68,604",Bye,"65,337","55,831","54,813","76,769","57,882","54,980","61,359","53,832","79,088","66,486"
2012,San Francisco 49ers,"1,094,908","557,856","537,052","70,523","69,732","57,288","79,088","69,732","69,732","69,732","62,810",Bye,"69,732","69,732","73,147","57,279","69,732","68,756","68,161","69,732"
2012,Seattle Seahawks,"1,017,029","543,570","473,459","60,032","68,008","68,218","53,193","72,676","68,137","69,732","63,497","67,584","67,841",Bye,"51,295","62,264","67,685","40,770","68,161","67,936"
2012,St. Louis Rams,"975,825","480,929","494,896","62,315","53,979","62,224","53,193","54,653","52,983","64,359","84,004",Bye,"69,732","57,711","60,062","57,279","68,109","55,751","51,535","67,936"
2012,Tampa Bay Buccaneers,"1,004,457","440,819","563,638","51,533","76,964","81,984","58,191",Bye,"46,500","58,906","60,860","52,055","54,813","72,603","54,400","76,432","64,941","73,096","51,535","69,644"
2012,Tennessee Titans,"1,070,701","553,144","517,557","69,143","60,804","69,143","71,581","57,652","69,143","68,836","69,143","69,143","60,165",Bye,"63,323","69,143","64,688","69,143","70,508","69,143"
2012,Washington Redskins,"1,189,702","637,236","552,466","72,180","53,979","80,060","58,191","75,337","78,476","81,352","62,371","79,767",Bye,"79,327","90,166","80,246","81,178","65,083","69,144","82,845"
2013,Arizona Cardinals,"997,710","488,271","509,439","55,279","60,034","73,057","44,956","60,426","69,732","61,200","60,671",Bye,"60,845","59,862","60,882","69,144","60,643","69,143","68,266","63,570"
2013,Atlanta Falcons,"1,080,805","561,795","519,010","72,348","70,056","70,660","70,744","70,246",Bye,"69,522","60,671","73,720","70,309","55,360","70,422","38,969","77,550","70,069","69,732","70,427"
2013,Baltimore Ravens,"1,106,022","569,084","536,938","76,977","71,098","71,168","68,296","68,342","71,319","62,295",Bye,"71,513","70,992","62,367","71,148","71,005","70,921","64,742","71,433","62,406"
2013,Buffalo Bills,"1,032,476","502,842","529,634","69,519","67,819","76,957","68,296","71,239","67,739","60,592","72,405","68,159","60,406","68,036",Bye,"38,969","59,194","60,085","54,305","68,756"
2013,Carolina Panthers,"1,112,229","587,544","524,685","73,294","67,819","73,748",Bye,"60,426","63,963","72,686","59,073","73,720","69,732","74,225","60,156","72,795","73,089","73,251","73,825","70,427"
2013,Chicago Bears,"1,057,075","498,864","558,211","62,213","62,181","61,575","64,552","62,361","62,374","83,147",Bye,"78,122","62,431","62,367","66,024","64,134","62,229","71,513","69,144","62,708"
2013,Cincinnati Bengals,"1,001,806","506,377","495,429","62,213","64,585","64,633","71,481","64,259","67,739","63,207","62,576","52,388","70,992","63,856",Bye,"61,536","62,507","45,873","61,555","62,406"
2013,Cleveland Browns,"1,122,750","569,939","552,811","71,513","71,098","63,672","71,481","71,239","71,513","77,804","74,307","71,513",Bye,"63,856","71,513","69,654","68,756","71,513","76,957","56,361"
2013,Dallas Cowboys,"1,279,578","704,345","575,233","85,348","76,952","80,848","68,601","92,758","90,239","69,144","64,379","85,360","73,018",Bye,"80,499","87,572","62,229","91,054","80,411","91,166"
2013,Denver Broncos,"1,194,145","614,977","579,168","76,977","81,285","76,978","77,002","92,758","76,862","67,196","77,031",Bye,"68,847","77,076","68,756","77,065","76,554","76,497","71,761","51,500"
2013,Detroit Lions,"1,053,841","510,369","543,472","62,461","60,034","80,111","64,552","78,200","71,513","63,207","64,379",Bye,"62,431","57,905","62,098","64,934","69,144","64,742","63,996","64,134"
2013,Green Bay Packers,"1,191,205","623,577","567,628","69,732","78,020","64,633",Bye,"78,200","71,319","77,804","64,134","78,122","78,011","79,114","77,871","64,934","77,550","91,054","77,999","62,708"
2013,Houston Texans,"1,103,683","573,271","530,412","59,522","71,718","71,168","71,756","69,732","71,104","74,118",Bye,"71,778","60,845","71,726","71,659","71,769","60,414","65,470","71,761","69,143"
2013,Indianapolis Colts,"1,054,693","527,606","527,087","65,412","65,406","69,732","59,695","66,608","57,954","67,196",Bye,"71,778","66,004","69,143","60,882","65,502","62,507","65,470","75,396","66,008"
2013,Jacksonville Jaguars,"1,028,219","503,140","525,079","59,416","49,400","68,087","59,695","54,266","76,862","59,550","83,559",Bye,"69,143","59,862","71,659","69,654","60,414","60,085","60,559","66,008"
2013,Kansas City Chiefs,"1,118,007","602,877","515,130","59,416","76,952","69,144","73,386","69,143","76,394","74,118","74,307","68,159",Bye,"77,076","75,259","77,065","56,247","49,571","75,396","66,374"
2013,Miami Dolphins,"1,041,545","514,553","526,992","71,513","65,406","70,660","73,118","68,342",Bye,"60,592","68,756","52,388","64,448","60,256","60,156","76,957","52,489","71,863","54,305","70,296"
2013,Minnesota Vikings,"1,099,551","531,653","567,898","62,461","62,181","63,672","83,518",Bye,"63,963","79,314","64,134","85,360","64,011","68,235","77,871","64,134","70,921","64,087","61,555","64,134"
2013,New England Patriots,"1,120,817","550,048","570,769","69,519","68,756","68,756","70,744","64,259","68,756","76,957","68,756","68,756",Bye,"74,225","68,756","71,769","68,756","71,863","71,433","68,756"
2013,New Orleans Saints,"1,123,230","583,210","540,020","72,348","60,870","73,057","73,118","62,361","68,756",Bye,"72,405","76,957","73,018","73,025","70,422","68,387","73,089","58,442","73,825","73,150"
2013,New York Giants,"1,209,532","641,184","568,348","85,348","81,285","73,748","73,386","80,738","62,374","79,314","69,144",Bye,"80,366","79,114","80,499","75,220","65,132","79,691","63,996","80,177"
2013,New York Jets,"1,169,108","615,656","553,452","76,957","68,756","76,957","69,143","70,246","76,957","76,957","62,576","76,957",Bye,"68,036","71,148","76,957","76,957","73,251","76,957","70,296"
2013,Oakland Raiders,"1,004,636","403,556","601,080","65,412","49,400","76,978","53,549","48,834","76,394",Bye,"52,950","51,751","80,366","71,726","46,001","87,572","76,957","49,571","65,675","51,500"
2013,Philadelphia Eagles,"1,141,155","553,152","588,003","82,743","69,144","69,144","77,002","80,738","62,505","69,144","69,144","51,751","78,011","69,144",Bye,"69,144","69,144","64,087","69,144","91,166"
2013,Pittsburgh Steelers,"1,025,772","458,489","567,283","61,585","64,585","61,575","83,518",Bye,"76,957","62,295","52,950","68,756","60,406","57,905","71,513","71,005","52,489","45,873","77,999","56,361"
2013,San Diego Chargers,"1,052,439","513,641","538,798","59,522","69,144","69,143","68,601","48,834","57,954","59,550",Bye,"80,115","68,847","60,256","75,259","61,536","65,132","76,497","65,675","66,374"
2013,San Francisco 49ers,"1,116,046","557,856","558,190","69,732","68,338","69,732","56,640","69,732","69,732","69,143","83,559",Bye,"69,732","73,025","79,773","69,732","69,732","64,142","69,732","63,570"
2013,Seattle Seahawks,"1,094,133","545,577","548,556","73,294","68,338","68,087","71,756","66,608","68,127","61,200","55,966","67,873","70,309","68,235",Bye,"68,387","69,732","79,691","68,266","68,264"
2013,St. Louis Rams,"1,014,994","455,657","559,337","55,279","70,056","80,848","56,640","54,266","71,104","72,686","55,966","54,617","66,004",Bye,"66,024","69,732","60,643","58,442","54,423","68,264"
2013,Tampa Bay Buccaneers,"1,016,122","470,548","545,574","76,957","60,870","68,756","44,956",Bye,"62,505","69,522","59,073","67,873","64,448","55,360","62,098","72,795","59,194","64,142","54,423","73,150"
2013,Tennessee Titans,"1,057,807","553,144","504,663","61,585","71,718","69,143","69,143","69,143","68,127","69,143",Bye,"54,617","69,143","69,143","46,001","65,502","76,554","69,143","60,559","69,143"
2013,Washington Redskins,"1,200,007","617,767","582,240","82,743","78,020","80,111","53,549",Bye,"90,239","83,147","77,031","80,115","64,011","69,144","79,773","75,220","56,247","70,069","80,411","80,177"
2014,Arizona Cardinals,"1,053,326","495,835","557,491","61,292","78,344","61,572",Bye,"76,895","61,139","52,101","61,789","85,688","61,363","62,487","68,327","69,557","62,387","55,880","63,806","70,699"
2014,Atlanta Falcons,"1,121,026","577,047","543,979","70,706","58,574","70,318","52,173","80,307","70,712","71,184","83,532",Bye,"57,751","73,314","70,046","69,557","77,512","71,161","73,164","71,015"
2014,Baltimore Ravens,"1,096,129","568,353","527,776","70,925","71,181","67,407","71,218","65,258","60,041","71,184","55,711","63,971","70,914",Bye,"73,373","71,060","70,244","70,801","71,771","71,070"
2014,Buffalo Bills,"1,085,974","540,180","545,794","62,425","69,954","68,611","71,756","62,775","70,185","68,477","78,160",Bye,"68,119","71,573","56,044","68,576","76,913","70,214","53,436","68,756"
2014,Carolina Panthers,"1,123,313","588,861","534,452","62,442","73,586","73,945","71,218","73,659","57,053","78,106","74,042","73,663","69,596","73,314",Bye,"52,016","73,006","72,842","73,810","71,015"
2014,Chicago Bears,"1,050,366","493,449","556,917","62,425","70,799","78,160","61,736","73,659","70,712","62,413","68,756",Bye,"78,292","61,792","61,109","64,175","61,558","60,996","61,420","52,364"
2014,Cincinnati Bengals,"1,025,166","485,628","539,538","70,925","58,574","56,743",Bye,"68,756","57,053","66,539","55,711","60,057","65,871","73,073","71,777","56,340","65,512","67,431","66,107","64,697"
2014,Cleveland Browns,"1,083,855","539,400","544,455","64,598","67,407","67,407",Bye,"69,143","67,431","61,341","67,431","67,431","65,871","67,431","70,046","68,576","67,431","67,431","73,810","71,070"
2014,Dallas Cowboys,"1,293,046","720,558","572,488","91,174","69,143","58,739","91,176","91,159","68,432","91,028","87,055","85,688","83,603",Bye,"80,520","91,379","61,558","69,596","91,899","80,897"
2014,Denver Broncos,"1,156,767","615,517","541,250","76,939","76,900","68,447",Bye,"76,895","78,160","77,047","76,907","68,756","54,803","59,401","76,987","76,894","76,913","68,682","66,107","76,929"
2014,Detroit Lions,"1,062,760","504,198","558,562","64,401","73,586","62,418","78,160","62,775","52,213","63,271","83,532",Bye,"63,179","62,487","68,756","64,175","61,489","62,490","61,420","78,408"
2014,Green Bay Packers,"1,148,560","625,114","523,446","68,424","78,041","62,418","61,736","78,054","70,875","78,106","73,146",Bye,"78,292","78,270","52,386","78,431","77,512","70,214","64,247","78,408"
2014,Houston Texans,"1,115,983","574,132","541,851","71,770","54,063","77,462","71,756","91,159","71,787","56,375","69,143","71,780",Bye,"67,431","71,777","71,714","61,070","65,148","71,771","71,777"
2014,Indianapolis Colts,"1,101,258","523,004","578,254","76,939","64,871","60,601","64,757","65,258","71,787","66,539","62,479","77,975",Bye,"66,751","64,328","65,352","67,431","65,148","91,899","69,143"
2014,Jacksonville Jaguars,"1,066,627","524,335","542,292","69,596","80,037","60,601","56,553","66,198","69,143","61,341","65,633","60,057","83,603",Bye,"64,328","64,687","61,070","70,801","61,202","71,777"
2014,Kansas City Chiefs,"1,127,251","599,743","527,508","73,569","76,900","70,313","76,613","70,799",Bye,"65,260","75,972","74,127","68,119","76,463","52,865","76,894","62,387","72,153","60,865","73,952"
2014,Miami Dolphins,"1,128,798","560,280","568,518","70,630","69,954","70,313","83,436",Bye,"70,875","62,413","65,633","70,222","63,179","71,573","76,987","78,160","70,244","68,756","66,203","70,220"
2014,Minnesota Vikings,"940,423","417,906","522,517","55,919","52,350","73,005","52,173","78,054","52,213","68,477","56,577","52,252",Bye,"61,792","52,386","52,016","52,152","62,490","66,203","52,364"
2014,New England Patriots,"1,111,983","550,048","561,935","70,630","52,350","68,756","76,613","68,756","70,185","68,756","68,756","68,756",Bye,"66,751","68,756","78,431","68,815","68,756","78,160","68,756"
2014,New Orleans Saints,"1,133,987","584,900","549,087","70,706","67,407","73,005","91,176","73,004",Bye,"63,271","73,146","73,663","73,129","73,073","73,373","61,916","73,006","60,996","73,164","59,952"
2014,New York Giants,"1,195,369","631,738","563,631","64,401","78,344","77,462","80,573","80,307","69,596","91,028",Bye,"77,975","68,352","80,352","80,520","64,687","69,143","77,628","55,851","79,150"
2014,New York Jets,"1,157,234","625,280","531,954","78,160","78,041","78,160","78,160","63,471","78,160","68,756","78,160","74,127","78,160",Bye,"56,044","78,160","52,152","69,143","78,160","70,220"
2014,Oakland Raiders,"1,013,469","459,333","554,136","78,160","54,063","68,756","83,436",Bye,"53,329","52,101","67,431","68,337","54,803","66,720","52,865","55,650","55,300","72,153","53,436","76,929"
2014,Philadelphia Eagles,"1,153,703","556,768","596,935","69,596","64,871","69,596","70,799","69,596","69,596",Bye,"61,789","71,780","69,596","78,270","69,596","91,379","69,596","69,596","78,897","79,150"
2014,Pittsburgh Steelers,"1,060,542","497,811","562,731","64,598","71,181","73,945","62,910","66,198","67,431","56,375","62,479","63,971","78,160","69,143",Bye,"61,916","65,512","71,161","60,865","64,697"
2014,San Diego Chargers,"1,069,529","523,457","546,072","61,292","67,916","68,611","56,553","63,471","53,329","65,260","76,907","70,222",Bye,"66,720","66,040","71,060","68,815","68,682","70,699","73,952"
2014,San Francisco 49ers,"1,130,143","566,192","563,951","91,174","70,799","61,572","70,799","70,799","56,851","77,047",Bye,"70,799","73,129","80,352","70,799","70,799","55,300","68,526","70,699","70,699"
2014,Seattle Seahawks,"1,107,297","547,298","559,999","68,424","67,916","68,447",Bye,"79,522","68,432","57,855","74,042","68,337","68,352","76,463","68,327","70,799","69,596","68,526","63,806","68,453"
2014,St. Louis Rams,"999,412","456,146","543,266","55,919","59,923","58,739",Bye,"69,596","56,851","57,855","75,972","70,799","61,363","59,401","66,040","55,650","71,120","55,880","55,851","68,453"
2014,Tampa Bay Buccaneers,"1,023,818","477,273","546,545","62,442","59,923","70,318","62,910","73,004","60,041",Bye,"56,577","67,431","57,751","77,442","61,109","56,340","61,489","72,842","64,247","59,952"
2014,Tennessee Titans,"1,096,866","553,144","543,722","73,569","69,143","56,743","64,757","69,143","69,143","75,227","69,143",Bye,"70,914","69,143","69,596","71,714","69,143","69,143","61,202","69,143"
2014,Washington Redskins,"1,179,306","623,715","555,591","71,770","80,037","69,596","80,573","79,522","61,139","75,227","87,055","52,252",Bye,"77,442","70,799","65,352","71,120","77,628","78,897","80,897"
2015,Arizona Cardinals,"1,028,446","513,487","514,959","62,903","62,351","63,663","63,146","60,816","63,846","64,722","67,431",Bye,"69,005","64,745","70,799","51,115","64,784","69,596","64,878","64,646"
2015,Atlanta Falcons,"1,134,671","562,845","571,826","70,516","77,678","90,345","69,904","70,178","73,018","63,329","70,524","70,799",Bye,"70,433","70,610","58,221","74,420","64,016","70,981","69,699"
2015,Baltimore Ravens,"1,083,919","568,018","515,901","76,798","53,500","70,970","63,929","71,046","70,799","64,722","70,829",Bye,"70,837","71,105","64,380","64,519","71,179","70,791","71,261","57,254"
2015,Buffalo Bills,"1,140,809","559,047","581,762","70,319","70,858","64,869","70,677","65,670","69,593","84,021",Bye,"70,214","78,160","66,829","72,493","68,544","69,596","80,124","70,172","68,670"
2015,Carolina Panthers,"1,157,689","592,454","565,235","60,733","73,254","73,402","57,468",Bye,"69,020","74,194","74,136","74,461","63,591","74,418","90,909","73,097","74,420","79,436","70,981","74,169"
2015,Chicago Bears,"1,020,065","496,287","523,778","62,442","62,351","69,002","62,409","75,799","57,648",Bye,"62,311","68,033","58,653","62,483","78,488","62,088","61,026","52,421","63,734","61,177"
2015,Cincinnati Bengals,"1,028,118","491,118","537,000","54,500","57,579","70,970","57,498","65,004","69,593",Bye,"64,750","65,816","61,381","64,745","61,022","64,775","65,564","70,799","76,868","57,254"
2015,Cleveland Browns,"1,062,262","529,488","532,774","78,160","67,431","67,431","63,710","71,046","67,431","51,523","67,431","65,816","64,402",Bye,"64,380","64,775","63,916","69,002","69,115","66,693"
2015,Dallas Cowboys,"1,312,509","731,672","580,837","93,579","69,296","90,345","73,009","93,054",Bye,"80,319","91,486","91,827","64,113","65,115","90,909","80,444","78,369","90,345","70,172","90,127"
2015,Denver Broncos,"1,141,878","615,381","526,497","76,798","76,404","62,920","77,029","54,500","67,431",Bye,"77,075","66,894","76,973","62,483","76,970","68,631","76,824","67,234","76,868","76,844"
2015,Detroit Lions,"1,025,745","490,782","534,963","66,093","52,319","62,920","69,005","60,816","57,648","60,231","83,624",Bye,"78,526","60,202","64,445","63,207","51,202","73,017","61,313","61,177"
2015,Green Bay Packers,"1,147,786","627,308","520,478","62,442","78,433","78,214","70,799","78,432","78,434",Bye,"77,075","74,461","78,526","52,529","78,488","63,207","78,369","55,087","64,878","78,412"
2015,Houston Texans,"1,098,814","574,159","524,655","71,776","73,254","71,718","69,904","71,732","58,085","65,251","71,630",Bye,"61,381","71,718","71,778","68,544","71,908","66,083","62,153","71,899"
2015,Indianapolis Colts,"1,067,476","528,381","539,095","70,319","65,220","65,920","65,609","71,732","66,726","66,420","74,136","66,894",Bye,"70,433","65,696","58,701","62,372","66,083","65,482","65,733"
2015,Jacksonville Jaguars,"1,056,511","514,268","542,243","60,733","65,443","66,829","65,609","58,490","58,085","84,021",Bye,"78,160","70,837","60,121","59,477","57,355","62,372","64,016","73,064","71,899"
2015,Kansas City Chiefs,"1,130,807","602,228","528,579","71,776","76,404","78,214","57,498","75,799","52,480","76,365","83,624",Bye,"76,973","65,837","72,493","55,010","72,314","70,791","69,115","76,114"
2015,Miami Dolphins,"1,093,320","537,548","555,772","76,512","65,443","64,869","83,986",Bye,"62,342","65,251","66,829","70,214","69,596","65,115","78,160","64,519","65,408","66,676","65,482","62,918"
2015,Minnesota Vikings,"958,016","419,440","538,576","70,499","52,319","52,400","77,029",Bye,"52,480","60,231","62,311","52,406","54,700","52,529","70,610","52,430","64,784","52,421","52,455","78,412"
2015,New England Patriots,"1,136,287","534,632","601,655","66,829","70,858","66,829",Bye,"93,054","66,726","66,829","66,829","66,829","81,061","66,829","76,970","66,829","71,908","66,829","78,160","62,918"
2015,New Orleans Saints,"1,135,027","584,305","550,722","62,903","73,006","73,402","73,009","69,296","73,018","66,420","73,019","73,075","75,086",Bye,"71,778","73,097","62,138","73,017","73,064","69,699"
2015,New York Giants,"1,198,163","632,011","566,152","93,579","77,678","76,081","70,677","78,515","69,296","80,319","73,019","64,351","81,061",Bye,"77,367","80,898","65,408","79,436","52,455","78,023"
2015,New York Jets,"1,207,646","625,280","582,366","78,160","65,220","78,160","83,986",Bye,"78,160","66,829","54,700","78,160","78,160","71,718","78,160","80,898","78,160","90,345","78,160","68,670"
2015,Oakland Raiders,"970,514","436,397","534,117","54,500","53,500","67,431","62,409","54,500",Bye,"67,542","54,700","65,520","54,700","60,202","58,075","55,010","76,824","55,087","54,400","76,114"
2015,Philadelphia Eagles,"1,154,629","555,868","598,761","70,516","69,296","78,160","74,767","69,296","69,296","74,194",Bye,"91,827","69,596","69,596","64,445","66,829","69,596","69,596","69,596","78,023"
2015,Pittsburgh Steelers,"1,050,712","514,854","535,858","66,829","66,472","52,433","63,929","67,658","63,846","76,365","64,750","65,520","64,402",Bye,"69,055","58,701","65,564","67,234","71,261","66,693"
2015,San Diego Chargers,"1,056,457","534,180","522,277","66,093","57,579","52,400","63,710","67,658","78,434","67,542","70,829","68,033",Bye,"65,837","59,477","68,631","72,314","66,676","54,400","76,844"
2015,San Francisco 49ers,"1,082,259","566,092","516,167","70,499","66,472","63,663","70,799","78,515","70,799","70,799","51,207","70,799",Bye,"68,993","70,799","62,088","63,916","70,799","61,313","70,799"
2015,Seattle Seahawks,"1,097,931","552,162","545,769","51,792","78,433","69,002","69,005","65,004","69,020","70,799","91,486",Bye,"69,005","68,993","69,055","52,430","71,179","69,002","69,080","64,646"
2015,St. Louis Rams,"957,670","419,220","538,450","51,792","72,460","52,433","63,146","78,432",Bye,"51,523","51,207","52,406","58,653","71,105","61,022","51,115","51,202","51,295","69,080","70,799"
2015,Tampa Bay Buccaneers,"1,041,376","492,460","548,916","63,945","73,006","71,718","57,468","58,490",Bye,"72,912","70,524","64,351","64,113","69,596","65,696","58,221","62,138","51,295","63,734","74,169"
2015,Tennessee Titans,"1,045,359","498,435","546,924","63,945","67,431","65,920",Bye,"65,670","62,342","63,329","71,630","73,075","63,591","60,121","58,075","57,355","78,160","66,829","62,153","65,733"
2015,Washington Redskins,"1,196,087","609,672","586,415","76,512","72,460","76,081","74,767","70,178","78,160","72,912",Bye,"66,829","75,086","74,418","77,367","80,444","61,026","80,124","69,596","90,127"
2016,Arizona Cardinals,"1,083,135","518,652","564,483","64,864","64,230","68,647","64,622","70,178","64,709","65,089","74,088",Bye,"65,127","66,808","69,233","64,939","65,750","65,072","69,050","80,729"
2016,Atlanta Falcons,"1,116,392","559,998","556,394","69,382","54,081","73,003","70,508","76,802","69,071","69,832","70,165","57,797","69,596",Bye,"69,233","69,879","82,495","70,164","73,549","70,835"
2016,Baltimore Ravens,"1,134,133","568,823","565,310","71,104","67,431","60,127","71,152","71,318","78,487","78,160",Bye,"71,286","70,921","93,056","70,903","70,916","66,829","71,223","66,276","54,944"
2016,Buffalo Bills,"1,098,702","548,073","550,629","71,104","70,256","68,647","66,829","83,679","70,003","65,658","70,442","69,084",Bye,"61,356","67,849","54,759","69,657","66,529","64,690","78,160"
2016,Carolina Panthers,"1,159,680","590,343","569,337","76,843","74,143","73,813","70,508","73,425","73,138",Bye,"74,088","86,109","74,181","73,288","54,909","69,104","73,856","76,689","73,549","62,037"
2016,Chicago Bears,"1,060,607","482,951","577,656","71,933","62,268","90,554","60,841","66,622","61,054","78,217","60,422",Bye,"62,898","78,898","59,494","59,782","61,726","61,137","57,953","66,808"
2016,Cincinnati Bengals,"1,088,770","508,071","580,699","78,160","65,072","63,850","60,834","91,653","66,829","65,047","84,488",Bye,"76,218","61,356","70,903","55,456","60,028","62,096","71,836","54,944"
2016,Cleveland Browns,"1,044,825","514,489","530,336","69,596","67,431","65,176","76,249","67,431","60,897","65,047","67,431","67,431","70,921","67,431","60,034",Bye,"60,028","66,529","57,272","55,921"
2016,Dallas Cowboys,"1,322,087","740,318","581,769","92,867","80,612","90,554","70,178","91,653","78,481",Bye,"93,103","67,431","67,737","93,056","93,099","66,860","80,874","93,101","92,885","69,596"
2016,Denver Broncos,"1,133,943","614,193","519,750","76,843","76,379","63,850","60,375","76,802","58,904","76,865","76,756","54,957","73,138",Bye,"76,819","63,075","68,780","76,893","76,671","76,836"
2016,Detroit Lions,"1,075,305","486,342","588,963","65,566","58,466","78,411","60,841","58,047","56,018","60,461","71,882","66,807",Bye,"61,486","63,793","73,137","61,726","79,434","92,885","66,345"
2016,Green Bay Packers,"1,169,215","625,727","543,488","63,179","66,813","78,411",Bye,"78,401","78,481","78,217","70,165","78,437","69,116","77,137","69,596","77,867","78,057","61,137","77,856","66,345"
2016,Houston Texans,"1,132,210","574,947","557,263","71,933","71,890","66,829","71,815","66,683","71,891","76,865","71,882",Bye,"62,091","76,473","71,897","77,867","65,250","71,803","71,836","65,205"
2016,Indianapolis Colts,"1,100,210","524,393","575,817","65,566","76,379","64,747","83,764","66,622","71,891","65,470","65,417","78,437",Bye,"65,048","66,583","78,160","65,250","66,820","54,896","65,160"
2016,Jacksonville Jaguars,"1,031,602","517,172","514,430","63,179","52,165","60,127","83,764",Bye,"61,054","62,614","61,619","73,294","62,091","61,486","67,849","63,075","62,701","71,803","59,621","65,160"
2016,Kansas City Chiefs,"1,115,214","586,624","528,590","73,238","71,890","71,587","61,278",Bye,"54,211","76,282","65,417","73,294","74,181","72,277","76,819","69,879","75,191","68,084","76,671","54,915"
2016,Los Angeles Rams,"1,198,268","665,318","532,950","70,178","91,046","55,009","64,622","83,679","56,018","74,121",Bye,"86,109","78,160","83,483","73,067","66,829","82,495","69,067","83,656","80,729"
2016,Miami Dolphins,"1,073,132","524,101","549,031","69,012","66,829","65,176","60,834","64,425","65,351","65,658",Bye,"65,722","55,107","83,483","65,856","70,916","65,750","78,160","64,690","66,163"
2016,Minnesota Vikings,"1,084,502","534,289","550,213","63,816","66,813","73,813","66,690","66,683",Bye,"69,596","60,422","66,807","78,216","66,808","63,793","66,860","62,701","66,820","77,856","66,808"
2016,New England Patriots,"1,094,772","534,632","560,140","64,864","66,829","66,829","66,829","67,431","66,829","66,009","70,442",Bye,"66,829","70,178","78,160","66,829","66,829","76,893","66,829","66,163"
2016,New Orleans Saints,"1,141,039","584,876","556,163","73,028","77,727","73,003","60,641",Bye,"73,138","76,282","73,188","70,178","73,138","73,288","73,067","73,137","62,140","65,072","73,177","70,835"
2016,New York Giants,"1,217,320","630,315","587,005","92,867","77,727","78,368","66,690","78,401","78,487","74,121",Bye,"80,309","76,218","78,898","60,034","65,825","80,874","79,434","69,596","79,471"
2016,New York Jets,"1,168,377","625,280","543,097","78,160","70,256","71,587","78,160","66,385","64,709","78,160","67,431","65,722","78,160",Bye,"78,160","78,160","70,178","78,160","66,829","78,160"
2016,Oakland Raiders,"1,009,172","458,561","550,611","73,028","54,081","62,370","71,152","54,275","54,211","62,614","61,068","54,957",Bye,"76,473","54,909","54,759","75,191","68,352","54,896","76,836"
2016,Philadelphia Eagles,"1,125,298","556,768","568,530","69,596","62,268","69,596",Bye,"58,047","78,934","69,596","93,103","80,309","69,596","69,190","69,596","55,456","69,596","71,223","69,596","69,596"
2016,Pittsburgh Steelers,"1,065,627","514,503","551,124","79,124","65,072","69,596","61,278","66,385","65,351","66,009",Bye,"71,286","67,737","67,431","66,583","65,825","69,657","62,096","66,276","55,921"
2016,San Diego Chargers,"998,070","456,197","541,873","73,238","52,165","64,747","60,641","54,275","58,904","69,832","76,756","52,281","55,107",Bye,"71,897","53,832","73,856","68,352","57,272","54,915"
2016,San Francisco 49ers,"1,119,165","561,424","557,741","70,178","74,143","69,010","70,178","70,178","70,003","70,178",Bye,"70,178","65,127","70,178","65,856","59,782","70,178","70,164","83,656","70,178"
2016,Seattle Seahawks,"1,138,809","552,588","586,221","69,012","91,046","69,010","78,160",Bye,"69,071","65,089","73,188","69,084","66,829","69,190","63,674","69,104","78,057","69,067","69,050","70,178"
2016,Tampa Bay Buccaneers,"1,054,600","484,998","569,602","69,382","64,230","55,009","60,375","73,425",Bye,"70,178","61,068","57,797","62,898","72,277","63,674","53,832","62,140","93,101","73,177","62,037"
2016,Tennessee Titans,"1,016,507","517,273","499,234","63,816","58,466","62,370","71,815","64,425","60,897","65,470","61,619","52,281","69,116","65,048","59,494",Bye,"68,780","68,084","59,621","65,205"
2016,Washington Redskins,"1,206,654","626,432","580,222","79,124","80,612","78,368","76,249","71,318","78,934","60,461","84,488",Bye,"78,216","77,137","93,099","64,939","69,596","76,689","57,953","79,471"
2017,Arizona Cardinals,"1,063,084","513,741","549,343","60,957","63,137","65,102","64,121","69,596","63,999","73,736",Bye,"70,133","64,639","71,680","63,891","63,986","64,153","71,026","63,850","69,078"
2017,Atlanta Falcons,"1,123,058","575,681","547,377","61,857","70,826","63,240","71,273",Bye,"70,593","65,878","77,562","74,244","73,761","69,026","71,036","71,185","72,866","62,382","73,188","74,141"
2017,Baltimore Ravens,"1,088,056","564,709","523,347","55,254","70,605","84,592","71,126","54,980","70,616","66,751","70,408","67,322",Bye,"77,945","70,357","70,500","60,069","56,434","70,590","70,507"
2017,Buffalo Bills,"1,040,917","534,200","506,717","68,751","74,122","68,865","71,273","52,367",Bye,"68,561","69,599","77,562","67,501","25,015","74,929","68,499","60,222","62,202","65,878","65,571"
2017,Carolina Panthers,"1,133,961","588,942","545,019","70,178","74,122","73,775","65,878","64,288","74,373","61,256","58,545","74,244","72,790",Bye,"77,562","73,171","73,728","74,447","71,463","74,141"
2017,Chicago Bears,"1,021,219","488,137","533,082","61,857","56,640","61,172","78,362","61,834","70,616","61,256","73,192",Bye,"61,285","60,635","69,596","61,302","52,002","65,872","58,796","66,802"
2017,Cincinnati Bengals,"978,253","425,937","552,316","55,254","52,942","78,323","67,431","52,367",Bye,"65,363","57,901","60,720","67,432","75,707","51,710","56,029","52,002","66,833","47,732","70,507"
2017,Cleveland Browns,"968,007","511,060","456,947","67,431","70,605","63,351","67,431","62,032","71,815","59,061","74,237",Bye,"64,646","57,003","51,710","25,320","67,431","56,434","58,796","50,704"
2017,Dallas Cowboys,"1,309,211","741,775","567,436","93,183","76,919","65,102","91,869","93,329",Bye,"70,133","78,428","93,273","73,761","93,247","93,012","91,712","78,125","55,372","92,150","69,596"
2017,Denver Broncos,"1,106,590","610,846","495,744","76,324","76,919","68,865","76,909",Bye,"76,721","25,388","76,573","69,596","76,820","75,707","53,930","65,092","75,518","63,411","72,889","75,928"
2017,Detroit Lions,"1,046,765","513,100","533,665","60,957","77,004","63,240","66,730","64,288","73,117",Bye,"64,983","77,575","64,646","60,635","66,613","70,500","60,372","65,872","47,732","62,501"
2017,Green Bay Packers,"1,183,556","624,742","558,814","78,381","70,826","78,323","78,362","93,329","66,848","78,380",Bye,"77,575","61,285","77,945","62,147","77,684","67,431","74,447","78,092","62,501"
2017,Houston Texans,"1,080,447","574,197","506,250","71,710","52,942","65,878","71,804","71,835","71,815",Bye,"69,025","71,709","60,032","71,680","70,357","62,758","71,802","64,701","71,842","60,557"
2017,Indianapolis Colts,"1,022,042","507,525","514,517","60,128","63,137","63,351","68,872","65,612","63,888","63,104","57,901","71,709","66,146",Bye,"62,207","61,207","60,222","63,411","70,590","60,557"
2017,Jacksonville Jaguars,"1,049,568","514,427","535,141","71,710","61,709","84,592","77,562","66,237","56,232","63,104",Bye,"60,720","60,835","57,003","63,891","61,207","64,431","64,701","70,133","65,501"
2017,Kansas City Chiefs,"1,134,166","592,851","541,315","65,878","74,971","25,386","74,587","71,835","76,994","55,090","76,573","93,273",Bye,"76,363","74,929","77,562","74,461","75,011","65,325","75,928"
2017,Los Angeles Chargers,"783,367","202,687","580,680","76,324","25,381","25,386","25,374","77,373","54,685","25,388","65,878",Bye,"60,835","25,015","93,012","25,320","25,393","75,011","77,562","25,430"
2017,Los Angeles Rams,"1,062,261","507,136","555,125","60,128","56,612","70,178","91,869","60,745","56,232","73,736",Bye,"76,877","60,032","66,809","62,006","63,986","67,752","69,077","60,097","66,125"
2017,Miami Dolphins,"1,051,161","541,022","510,139",Bye,"25,381","77,562","84,423","65,135","70,593","65,025","70,408","65,139","72,790","65,089","65,878","65,092","65,548","62,202","65,325","65,571"
2017,Minnesota Vikings,"1,099,905","533,769","566,136","66,606","65,971","66,390","66,730","61,834","66,848","66,751","74,237",Bye,"74,476","66,809","66,613","71,185","73,728","66,833","78,092","66,802"
2017,New England Patriots,"1,099,028","527,024","572,004","65,878","73,168","65,878","65,878","64,476","77,562","65,878","65,878",Bye,"76,820","77,357","65,878","68,499","65,548","68,574","65,878","65,878"
2017,New Orleans Saints,"1,146,046","585,113","560,933","66,606","73,168","73,775","84,423",Bye,"73,117","78,380","73,192","73,121","67,501","73,138","62,006","73,171","72,866","73,018","73,188","55,376"
2017,New York Giants,"1,183,037","617,434","565,603","93,183","77,004","69,596","63,916","77,373","76,721","78,527",Bye,"76,877","70,133","76,363","73,210","54,994","78,125","76,896","63,850","76,269"
2017,New York Jets,"1,143,358","620,496","522,862","68,751","54,729","77,562","77,562","62,032","77,562","65,025","77,562","77,562","57,911",Bye,"77,562","77,562","75,518","73,018","77,562","65,878"
2017,Oakland Raiders,"988,483","461,137","527,346","69,089","54,729","77,123","76,909","54,980","54,685","55,090","69,599","65,139",Bye,"77,357","53,930","54,994","74,461","55,372","69,596","25,430"
2017,Philadelphia Eagles,"1,117,141","556,768","560,373","78,685","74,971","69,596","25,374","69,596","74,373","69,596","69,596","69,596",Bye,"93,247","69,596","69,075","67,752","76,896","69,596","69,596"
2017,Pittsburgh Steelers,"1,035,491","499,768","535,723","67,431","65,971","61,172","71,126","66,237","76,994","65,363","64,983",Bye,"66,146","60,703","62,147","56,029","60,069","68,574","71,842","50,704"
2017,San Francisco 49ers,"1,104,010","561,155","542,855","70,178","68,729","70,178","64,121","65,612","75,568","70,133","69,596","70,133","70,133",Bye,"70,134","61,302","71,802","70,133","70,133","66,125"
2017,Seattle Seahawks,"1,129,943","551,809","578,134","78,381","68,729","69,127","68,872","60,745",Bye,"78,527","69,025","68,927","64,639","69,026","70,134","69,075","64,431","69,077","92,150","69,078"
2017,Tampa Bay Buccaneers,"1,036,961","479,618","557,343",Bye,"56,640","66,390","63,916","64,476","63,999","68,561","58,545","73,121","57,911","65,089","71,036","77,684","60,372","62,382","71,463","55,376"
2017,Tennessee Titans,"1,040,119","525,214","514,905","69,089","61,709","69,127","71,804","65,135","63,888","59,061",Bye,"67,322","67,432","60,703","62,207","62,758","64,153","70,133","60,097","65,501"
2017,Washington Redskins,"1,137,639","601,405","536,234","78,685","56,612","77,123","74,587",Bye,"75,568","69,596","78,428","68,927","74,476","73,138","73,210","91,712","25,393","71,026","72,889","76,269"
2018,Arizona Cardinals,"1,018,127","496,111","522,016","61,613","66,515","62,163","61,845","68,337","66,801","62,359","61,923",Bye,"76,712","62,435","25,343","77,234","62,014","72,084","61,759","68,990"
2018,Atlanta Falcons,"1,119,143","583,184","535,959","69,696","72,528","74,457","71,985","64,781","72,665","72,756",Bye,"62,386","62,144","74,447","73,017","72,262","77,329","72,084","73,722","52,884"
2018,Baltimore Ravens,"1,053,383","563,451","489,932","70,591","50,018","70,156","62,030","67,431","64,441","70,639","73,843","70,997",Bye,"70,077","70,035","72,262","74,336","70,031","25,571","70,925"
2018,Buffalo Bills,"1,072,899","519,695","553,204","70,591","69,187","66,800","78,312","68,202","71,638","56,848","70,109","68,749","77,982",Bye,"57,799","65,155","59,119","59,110","65,878","67,420"
2018,Carolina Panthers,"1,102,756","590,182","512,574","74,532","72,528","72,161",Bye,"74,221","60,482","69,696","73,843","73,513","62,881","61,999","74,002","52,568","59,392","74,188","73,722","73,028"
2018,Chicago Bears,"1,045,568","490,750","554,818","78,282","57,960","62,163","61,893",Bye,"65,791","62,389","61,397","68,749","61,393","61,651","65,684","76,465","61,695","62,372","70,806","66,878"
2018,Cincinnati Bengals,"911,289","406,028","505,261","58,699","50,018","72,161","71,985","52,708","60,594","75,676","45,134",Bye,"52,492","70,077","56,122","44,392","25,358","44,568","67,431","63,874"
2018,Cleveland Browns,"1,045,441","526,122","519,319","67,431","73,086","67,431","53,387","67,431","67,431","53,682","63,780","67,431","62,144",Bye,"56,122","71,741","59,392","76,596","67,431","70,925"
2018,Dallas Cowboys,"1,303,393","732,958","570,435","74,532","90,512","69,047","90,155","72,008","90,767","66,301",Bye,"90,466","69,696","74,447","92,076","93,004","93,127","66,654","92,851","77,750"
2018,Denver Broncos,"1,092,324","611,571","480,753","76,761","76,696","70,156","76,656","77,982","76,109","62,359","77,103","76,270",Bye,"25,462","76,536","44,392","69,449","76,596","53,850","75,947"
2018,Detroit Lions,"1,054,328","502,061","552,267","61,352","70,164","61,769","90,155","63,405",Bye,"65,265","65,237","66,825","61,393","61,999","65,684","60,974","62,014","59,110","61,641","77,341"
2018,Green Bay Packers,"1,163,842","622,677","541,165","78,282","78,461","59,827","78,312","63,405","77,642",Bye,"75,822","65,878","78,076","69,007","66,872","77,234","77,329","62,372","77,982","77,341"
2018,Houston Texans,"1,112,480","574,439","538,041","65,878","62,372","71,838","57,716","72,008","71,638","66,534","71,726","76,270",Bye,"61,593","71,826","71,741","71,814","77,982","69,696","71,848"
2018,Indianapolis Colts,"1,006,361","473,598","532,763","58,699","57,013","69,696","57,716","65,878","77,982","56,848","54,372",Bye,"57,473","57,401","57,069","67,030","71,814","66,654","61,738","68,978"
2018,Jacksonville Jaguars,"1,109,899","552,589","557,310","77,992","68,527","64,015","65,353","75,289","90,767","66,534","85,870",Bye,"57,473","67,683","57,799","67,030","60,344","67,577","65,798","71,848"
2018,Kansas City Chiefs,"1,107,376","607,780","499,596","25,351","63,956","76,023","76,656","75,289","65,878","75,676","77,103","67,431","76,712","77,002",Bye,"54,255","74,336","75,091","69,067","77,550"
2018,Los Angeles Chargers,"803,556","262,145","541,411","25,351","69,187","68,947","25,397","25,362","67,431","84,301",Bye,"68,989","54,750","25,462","25,343","61,069","25,358","75,091","25,571","75,947"
2018,Los Angeles Rams,"1,102,409","579,439","522,970","53,857","66,515","68,947","72,027","68,893","76,109","66,597","75,822","73,086","72,755","77,002",Bye,"60,974","61,695","74,210","61,759","72,161"
2018,Miami Dolphins,"1,062,180","524,480","537,700","65,184","77,982","65,667","65,878","52,708","65,791","65,265","71,726","65,533","78,076",Bye,"57,069","65,155","66,087","66,841","65,798","67,420"
2018,Minnesota Vikings,"1,090,834","534,491","556,343","66,673","78,461","66,800","72,027","69,696","66,801","77,982","66,801","66,825",Bye,"61,651","66,872","65,878","69,007","66,841","61,641","66,878"
2018,New England Patriots,"1,068,530","527,024","541,506","65,878","68,527","61,769","65,878","65,878","65,878","62,389","70,109","65,878","69,363",Bye,"77,982","65,878","66,087","65,280","65,878","65,878"
2018,New Orleans Saints,"1,147,700","584,411","563,289","73,038","73,086","74,457","78,213","73,028",Bye,"70,639","66,801","73,086","52,492","73,042","73,017","93,004","53,495","74,188","73,086","73,028"
2018,New York Giants,"1,183,132","615,525","567,607","77,992","90,512","71,838","78,213","74,221","77,167","72,756","77,537",Bye,"69,409","75,863","69,696","76,465","57,437","74,538","61,738","77,750"
2018,New York Jets,"1,130,823","623,856","506,967","61,352","77,982","67,431","65,353","77,982","77,982","77,982","61,397","65,533","77,982",Bye,"77,982","60,904","59,119","77,982","77,982","65,878"
2018,Oakland Raiders,"955,258","463,353","491,905","53,857","76,696","65,667","53,387","25,362","84,922",Bye,"54,372","69,592","54,750","62,435","70,035","54,255","53,960","44,568","53,850","77,550"
2018,Philadelphia Eagles,"1,149,737","557,568","592,169","69,696","56,552","69,696","69,013","69,696","77,167","69,696","85,870",Bye,"69,696","73,042","69,696","69,696","93,127","74,210","69,696","63,188"
2018,Pittsburgh Steelers,"1,040,509","507,651","532,858","67,431","63,956","62,571","62,030","64,781","60,594",Bye,"63,780","70,997","62,881","67,683","76,536","61,069","53,960","65,280","73,086","63,874"
2018,San Francisco 49ers,"1,052,454","553,190","499,264","66,673","70,164","76,023","25,397","68,337","77,642","66,597","61,923","69,592","69,409",Bye,"50,436","69,009","69,449","68,836","70,806","72,161"
2018,Seattle Seahawks,"1,114,327","552,009","562,318","76,761","57,960","69,047","61,845","68,893","84,922",Bye,"65,237","68,989","72,755","69,007","74,002","69,009","69,007","68,836","69,067","68,990"
2018,Tampa Bay Buccaneers,"999,843","434,855","564,988","73,038","56,552","62,571","61,893",Bye,"72,665","53,682","45,134","73,513","52,667","75,863","50,436","52,568","53,495","70,031","92,851","52,884"
2018,Tennessee Titans,"1,092,094","516,161","575,933","65,184","62,372","64,015","69,013","68,202","64,441","84,301",Bye,"90,466","69,363","57,401","71,826","60,904","60,344","74,538","60,746","68,978"
2018,Washington Redskins,"1,043,167","488,227","554,940","61,613","57,013","59,827",Bye,"73,028","60,482","66,301","77,537","62,386","52,667","61,593","92,076","69,696","57,437","67,577","60,746","63,188"
